{"slope1": 258.26147192384855, "slope2": 2.096183088813003, "intercept": 154.47823280929236}