{"slope": 258.26147192384855, "intercept": 154.47823280929236}